Website,Language
https://www.1sale.com,en
https://www.2xdegree.com,en
https://www.411mania.com,en
https://www.aamusports.com,en
https://www.accuweather.com,en
https://www.adamkempfitness.com,en
https://www.adsoftheworld.com,en
https://www.advfn.com,en
https://www.alison.com,en
https://www.alternativemedicine.com,en
https://www.anarchyfit.com,en
https://www.apnews.com,en
https://www.aprendeytrabaja.com,es
https://www.aquaplantation.com,en
https://www.arcadiaknights.com,en
https://www.arizonasports.com,en
https://www.arizonawildcats.com,en
https://www.aroundambler.com,en
https://www.athletechnews.com,en
https://www.atlantablackstar.com,en
https://www.atten-store.com,en
https://www.austinmonthly.com,en
https://www.baby-kingdom.com,ko
https://www.ballparkdigest.com,en
https://www.ballstatesports.com,en
https://www.barchart.com,en
https://www.baseball-almanac.com,en
https://www.baseball-connect.com,en
https://www.baselinemag.com,en
https://www.beckersasc.com,en
https://www.beckersdental.com,en
https://www.beckerspayer.com,en
https://www.beckersspine.com,en
https://www.bestbuy.com,en
https://www.bestlifeonline.com,en
https://www.bigblueinteractive.com,en
https://www.biteson.com,en
https://www.bizapedia.com,en
https://www.bostonhockeynow.com,en
https://www.bradleybraves.com,en
https://www.bravodeal.com,en
https://www.breakingnewsenglish.com,en
https://www.broncoathletics.com,en
https://www.brownbearsw.com,en
https://www.brownrec.com,en
https://www.bsubeavers.com,en
https://www.budgettravel.com,en
https://www.bulldawgillustrated.com,en
https://www.cafeastrology.com,en
https://www.cafepharma.com,en
https://www.calbears.com,en
https://www.calculatorbox.com,en
https://www.calgaryherald.com,en
https://www.capecod.com,en
https://www.capegazette.com,en
https://www.cartalk.com,en
https://www.catamountsports.com,en
https://www.charlotte49ers.com,en
https://www.checkyourfact.com,en
https://www.chicagomag.com,en
https://www.chipchick.com,en
https://www.choosebd.com,en
https://www.chron.com,en
https://www.chsaanow.com,en
https://www.citadelsports.com,en
https://www.clifsnaturalremedies.com,en
https://www.clsresource.com,en
https://www.cmumavericks.com,en
https://www.cnusports.com,en
https://www.codingmastery.com,en
https://www.coloradohockeynow.com,en
https://www.compendirx.com,en
https://www.coppercourier.com,en
https://www.coupon-mining.com,en
https://www.couponpac.com,en
https://www.coveteur.com,en
https://www.covingtonreporter.com,en
https://www.cpbj.com,en
https://www.credittus.com,en
https://www.cronista.com,es
https://www.cruzetalk.com,en
https://www.ctinsider.com,en
https://www.ctpost.com,en
https://www.cyberguy.com,en
https://www.cyclones.com,en
https://www.d1baseball.com,en
https://www.d3hoops.com,en
https://www.dailycaring.com,en
https://www.dailyhealthpost.com,en
https://www.dallaswanderer.com,en
https://www.dartmouthsports.com,en
https://www.dealmoon.com,ko
https://www.detroithockeynow.com,en
https://www.doctorofcredit.com,en
https://www.drizzlemeskinny.com,en
https://www.dyusaints.com,en
https://www.earth911.com,en
https://www.eatingbirdfood.com,en
https://www.eatwell101.com,en
https://www.edhat.com,en
https://www.edmontonjournal.com,en
https://www.edmontonsun.com,en
https://www.eiupanthers.com,en
https://www.elawcredit.com,en
https://www.eldergym.com,en
https://www.elonphoenix.com,en
https://www.emueagles.com,en
https://www.eonline.com,en
https://www.erauathletics.com,en
https://www.evisit.com,en
https://www.f4wonline.com,en
https://www.famuathletics.com,en
https://www.feedthehabit.com,en
https://www.fgcuathletics.com,en
https://www.fightingillini.com,en
https://www.fightingirish.com,en
https://www.financialexpress.com,en
https://www.financialpost.com,en
https://www.findablackdoctor.com,en
https://www.flatheadbeacon.com,en
https://www.flightaware.com,en
https://www.flightradar24.com,en
https://www.flipspins.com,en
https://www.floridagators.com,en
https://www.floridahockeynow.com,en
https://www.flyertalk.com,en
https://www.fodmapeveryday.com,en
https://www.foodsafetynews.com,en
https://www.forevershewanders.com,en
https://www.freekibble.com,en
https://www.freshcardio.com,en
https://www.friars.com,en
https://www.gbnews.com,en
https://www.gculopes.com,en
https://www.german-way.com,unknown
https://www.gobarrybucs.com,en
https://www.gobearcats.com,en
https://www.gocamels.com,en
https://www.gocreighton.com,en
https://www.godordt.com,en
https://www.goduke.com,en
https://www.goexplorers.com,en
https://www.gofrogs.com,en
https://www.gohatters.com,en
https://www.goholycross.com,en
https://www.gohuskies.com,en
https://www.gojacks.com,en
https://www.goleathernecks.com,en
https://www.gomatadors.com,en
https://www.gon.com,en
https://www.goodreads.com,en
https://www.goonernews.com,en
https://www.goredfoxes.com,en
https://www.gorhody.com,en
https://www.goterriers.com,en
https://www.goviks.com,en
https://www.gowyo.com,en
https://www.goyeo.com,en
https://www.goyotes.com,en
https://www.gozags.com,en
https://www.graduatejobsreport.com,en
https://www.greaterlongisland.com,en
https://www.groupon.com,unknown
https://www.gseagles.com,en
https://www.hallmarkchannel.com,en
https://www.handspeak.com,en
https://www.happenplace.com,en
https://www.hcpcsdata.com,en
https://www.hcuhuskies.com,en
https://www.healthmanagementcorp.com,en
https://www.healthyliving-tips.com,en
https://www.highrivertimes.com,en
https://www.highsierratopix.com,en
https://www.hindustantimes.com,en
https://www.hiuroyals.com,en
https://www.homeolabels.com,en
https://www.homewyse.com,en
https://www.hopkinssports.com,en
https://www.hornetsports.com,en
https://www.houstonchronicle.com,en
https://www.hubison.com,en
https://www.humbledollar.com,en
https://www.hundredpushups.com,en
https://www.hwsathletics.com,en
https://www.hystersisters.com,en
https://www.ibreatheimhungry.com,en
https://www.icd10coded.com,en
https://www.icd10data.com,en
https://www.imdb.com,en
https://www.individualogist.com,en
https://www.infinitesweeps.com,en
https://www.ionagaels.com,en
https://www.issuu.com,en
https://www.jeffersonrams.com,en
https://www.jmusports.com,en
https://www.jobzfit.com,en
https://www.judolphins.com,en
https://www.juneauempire.com,en
https://www.kompas.com,id
https://www.kuathletics.com,en
https://www.lagradaonline.com,es
https://www.lastrowmusic.com,en
https://www.latechsports.com,en
https://www.latimes.com,en
https://www.leedsallover.com,en
https://www.lewisflyers.com,en
https://www.littlefries.com,en
https://www.living50plusshoals.com,en
https://www.loyolaramblers.com,en
https://www.maebells.com,en
https://www.marketgrow.com,en
https://www.massageworkstn.com,en
https://www.mcneesesports.com,en
https://www.medicalcharthelp.com,en
https://www.medicalxpress.com,en
https://www.menuswithprice.com,en
https://www.metscalculator.com,en
https://www.metsmerizedonline.com,en
https://www.minnvshop.com,en
https://www.missouristatebears.com,en
https://www.momentummag.com,en
https://www.monmouthhawks.com,en
https://www.montrealgazette.com,en
https://www.montrealhockeynow.com,en
https://www.morningagclips.com,en
https://www.msigwarrior.com,en
https://www.msubobcats.com,en
https://www.msueagles.com,en
https://www.mtbr.com,en
https://www.mumonarchs.com,en
https://www.mutigers.com,en
https://www.mynextcredit.com,en
https://www.nasdaq.com,en
https://www.nationalpost.com,en
https://www.naturalhealthymagazine.com,en
https://www.nauathletics.com,en
https://www.nbcsportschicago.com,en
https://www.ncataggies.com,en
https://www.nerdist.com,en
https://www.nevadawolfpack.com,en
https://www.newstimes.com,en
https://www.newsweek.com,en
https://www.njithighlanders.com,en
https://www.nkunorse.com,en
https://www.nmstatesports.com,en
https://www.nmuwildcats.com,en
https://www.nofilmschool.com,en
https://www.novelpalace.com,en
https://www.nsusharks.com,en
https://www.offerup.com,en
https://www.ohiobobcats.com,en
https://www.okdiario.com,es
https://www.opennpi.com,en
https://www.organicauthority.com,en
https://www.orioleshangout.com,en
https://www.ottawacitizen.com,en
https://www.paleorunningmomma.com,en
https://www.pbasailfish.com,en
https://www.pch.com,en
https://www.phillyhockeynow.com,en
https://www.phlebotomycoach.com,en
https://www.physicaltherapygraduate.com,en
https://www.piano-keyboard-guide.com,en
https://www.pittsburghhockeynow.com,en
https://www.pittsburghsportsnow.com,en
https://www.plnusealions.com,en
https://www.pngegg.com,en
https://www.portlandpilots.com,en
https://www.prepscholar.com,en
https://www.properhumandietphd.com,en
https://www.quickanddirtytips.com,en
https://www.rcgroups.com,en
https://www.realfoodwholelife.com,en
https://www.recreativeresources.com,en
https://www.redflagdeals.com,en
https://www.resortcams.com,en
https://www.retirementtipsandtricks.com,en
https://www.ritathletics.com,en
https://www.roadbikereview.com,en
https://www.safetyharbordentist.com,en
https://www.sailingscuttlebutt.com,en
https://www.saintsathletics.com,en
https://www.sanjosehockeynow.com,en
https://www.sciencedaily.com,en
https://www.scoopswithdannymac.com,en
https://www.scoresinlive.com,en
https://www.seniorcarelive.com,en
https://www.sfchronicle.com,en
https://www.sfgate.com,en
https://www.shefinds.com,en
https://www.sherdog.com,en
https://www.slubillikens.com,en
https://www.smcgaels.com,en
https://www.sneakerbardetroit.com,en
https://www.softwaretestingboard.com,en
https://www.soycarmin.com,es
https://www.soyummy.com,en
https://www.sparkpeople.com,en
https://www.spartafit.com,en
https://www.spiceworks.com,en
https://www.splinternetmarketing.com,en
https://www.staradvertiser.com,en
https://www.statecollege.com,en
https://www.stevensrec.com,en
https://www.stocktwits.com,en
https://www.sumrallmainstreet.com,en
https://www.sunset.com,en
https://www.superwestsports.com,en
https://www.swingtradebot.com,en
https://www.techsavings.com,en
https://www.teewithvee.com,en
https://www.telemetro.com,es
https://www.temptalia.com,en
https://www.tennistonic.com,en
https://www.texaslonghorns.com,en
https://www.the5krunner.com,en
https://www.theacc.com,en
https://www.thebestketorecipes.com,en
https://www.thebigmansworld.com,en
https://www.thecarconnection.com,en
https://www.thecountyoffice.com,en
https://www.thedecorideas.com,en
https://www.thefreebieguy.com,en
https://www.thegarage-apparel.com,en
https://www.thehealthy.com,en
https://www.theprovince.com,en
https://www.thewhig.com,en
https://www.thingiverse.com,en
https://www.thumpertalk.com,en
https://www.timesunion.com,en
https://www.tipranks.com,en
https://www.torontosun.com,en
https://www.totalprosports.com,en
https://www.towsontigers.com,en
https://www.tribeathletics.com,en
https://www.tulanegreenwave.com,en
https://www.uahchargers.com,en
https://www.ubfan.com,en
https://www.uconnhuskies.com,en
https://www.umdbulldogs.com,en
https://www.uncgspartans.com,en
https://www.uniqueimaging.com,en
https://www.unitslab.com,en
https://www.universidadperu.com,es
https://www.unlvrebels.com,en
https://www.usdentalservice.com,en
https://www.usdtoreros.com,en
https://www.usiscreamingeagles.com,en
https://www.uslowcosthousing.com,en
https://www.utahstateaggies.com,en
https://www.utrockets.com,en
https://www.utsports.com,en
https://www.uwbadgers.com,en
https://www.valpofanzone.com,en
https://www.vcuathletics.com,en
https://www.vetstreet.com,en
https://www.villages-news.com,en
https://www.vmikeydets.com,en
https://www.vype.com,en
https://www.washubears.com,en
https://www.watchuseek.com,en
https://www.webmd.com,en
https://www.weekand.com,en
https://www.weence.com,en
https://www.wheelbrothers.com,en
https://www.wiley.com,en
https://www.windsorstar.com,en
https://www.wodwell.com,en
https://www.wrestletalk.com,en
https://www.wrestlingheadlines.com,en
https://www.wssurams.com,en
https://www.wsuathletics.com,en
https://www.wsucougars.com,en
https://www.wvusports.com,en
https://www.yeggi.com,en
https://www.yogaforsenior.com,en
https://www.yogicwayoflife.com,en
https://www.yonkerstimes.com,en
https://www.zacks.com,en
